First Name,Last Name,age,address,city
Leo,Moody,5,"996 Seif Circle,Ipkeweg,",Tobuseic
Darrell,Castro,6,"312 Durti Point,Ercipob,",Vosevi
Dylan,McDonald,7,"1276 Ijola Terrace,Uvetopo,",Zeawiso
Rosalie,Banks,12,"1115 Biget Trail,Gujoca,",Vashumeme
Jimmy,Turner,7,"1602 Wevsa Trail,Notevoh,",Gefgihepi
Mittie,Conner,10,"1036 Eftur Drive,Epfoat,",Usgahlo
Gussie,Paul,11,"749 Dasta Drive,Risohkiw,",Vabelter
Howard,Becker,12,"1913 Gaci Highway,Heltihlec,",Hicmiwkud
Lottie,Ramos,8,"336 Toked Pass,Weinum,",Tosiklaf
Kathryn,Crawford,9,"1744 Fakom Path,Rocagto,",Kantunhe
Ola,Vaughn,10,"823 Wedim Pass,Eliezfon,",Kuajeru
Anne,Wilkins,10,"824 Ziwto Loop,Boasfu,",Usimawhi
Belle,Clark,10,"821 Veszu Extension,Zafawfus,",Fejduum
Nettie,Baldwin,11,"22 Gihtiv Loop,Zacanoim,",Latucgoz
Christina,Patterson,12,"35 Tecbo Trail,Nekamfan,",Rumugme
Thomas,Sullivan,12,"1280 Hoto Square,Agawuce,",Gejgatah
Zachary,Larson,12,"29 Rinew Mill,Coziil,",Cuwugu
Herman,Boone,12,"970 Nibad Mill,Hetuuco,",Rawzuccu
Gene,McGuire,5,"1641 Ekatu Square,Tagifeot,",Cewukob
Florence,Foster,6,"1228 Oszu Loop,Cuiwhoj,",Eberedti
Edward,Gregory,7,"368 Wurgaw Trail,Ilkotuj,",Janbighun
Cynthia,Goodman,12,"244 Ahouve River,Owwesa,",Haadgu
Isabelle,Cruz,7,"962 Zojo Lane,Gevpabuf,",Fopuvus
Fannie,Guerrero,10,"722 Lehuj Road,Arrofjid,",Nodefoic
Norman,Long,11,"1009 Akgum Loop,Uniirecoz,",Osuhedeb
Rena,Arnold,12,"833 Coje Loop,Veloubi,",Esnalbon
Viola,Stokes,8,"1139 Tali River,Luvcuime,",Ecifav
Ralph,Atkins,9,"734 Pives Path,Jaletal,",Dontari
Nicholas,Clarke,10,"1701 Woven Highway,Wecuzat,",Igheji
Lucinda,Hardy,10,"609 Lome Junction,Koadfo,",Citdinid
Bettie,Hoffman,10,"1679 Hodi Pass,Vehojec,",Omkuuk
Alex,King,11,"345 Kibrej Square,Powezi,",Sunjuzpok
Nell,Soto,12,"100 Ugieh Circle,Mendoji,",Hufjugo
Brandon,Gomez,12,"501 Pulto River,Rapucol,",Wakcofvi
Eula,Jackson,5,"1590 Kucol Extension,Haldamol,",Ruzihwu
Roxie,Gardner,6,"550 Pucir Pike,Jofomepo,",Recvaeci
Clayton,Keller,7,"1919 Zico Circle,Rejecso,",Pihifkif
Ola,Hill,12,"1258 Ticek Mill,Fovnowwo,",Foivakob
Amanda,Powers,7,"1130 Lirden Plaza,Azaruhwud,",Pevhaben
Leonard,Wilkerson,10,"937 Zewew Pass,Rokuke,",Ezzeptu
Georgia,Hill,11,"730 Renson Street,Teijatir,",Nenfampud
Alejandro,King,12,"968 Ojhoh Circle,Copnohe,",Fivebemuk
Luella,Brady,8,"1926 Idput Point,Tufifi,",Gagamhen
Roy,Maldonado,9,"128 Gecse Circle,Jeohoni,",Cujiwu
Gordon,Stewart,10,"198 Wuehe River,Semfumjev,",Badhoas
Tommy,Mathis,10,"1640 Dokce Glen,Hazisu,",Hujzofu
Lewis,Wheeler,10,"201 Sugope Highway,Datohuj,",Lafsofge
Tommy,Rhodes,11,"159 Nafca Highway,Wuncopet,",Arwuwbiw
Brian,Mendez,12,"1005 Meahe River,Pubhijsi,",Tutromja
Ruby,Woods,12,"1649 Amuwil Lane,Gegrarjur,",Uwhegov
Tyler,Williams,12,"768 Ciji Grove,Havirbo,",Ofwifo
Glenn,Hoffman,12,"1383 Rufi Street,Razacjek,",Kejtimwa
Ethel,Carter,5,"402 Wezma Glen,Gefera,",Gafbezga
Trevor,Chambers,6,"1502 Kimge Way,Cahuwce,",Bujozo
Eugene,Rogers,7,"112 Wobi Circle,Kurita,",Peuzeron
Nina,Francis,12,"1595 Wasvaz Highway,Rivtiaz,",Idkeiz
Delia,Fitzgerald,7,"352 Cohat Place,Dafrehe,",Simaki
Virgie,Wise,10,"468 Garet Plaza,Cokjaduj,",Necubvo
Gene,Lambert,11,"1920 Recked Park,Zemodvod,",Hifatec
Isabel,Little,12,"1767 Iklo Highway,Garvicu,",Ilulabgu
Lelia,Kennedy,8,"1585 Voces Highway,Fiviknom,",Johmool
Bernice,Ramos,9,"405 Etiumo Pike,Abimer,",Movtitik
Lucille,Castro,10,"1112 Lirac Lane,Diurivan,",Jelulus
Craig,Tucker,10,"220 Ohemat Lane,Emsozfo,",Pozisako
Roxie,Diaz,10,"601 Fetib Circle,Dojiwoim,",Firjujdoz
Troy,Zimmerman,11,"1438 Niwa Boulevard,Lavenduw,",Haikap
Eunice,Flowers,12,"634 Cimu Road,Watocra,",Woogsab
Olive,Ellis,12,"1977 Ugolas Grove,Wehipamom,",Muritap
Erik,Dawson,12,"1216 Sinve Path,Nelpanki,",Firustul
Gabriel,Marshall,12,"1231 Baho Road,Ekdudha,",Nezvorih
Adele,Peterson,12,"1307 Bodu Pike,Opdaguv,",Werinawil
Willie,McGee,8,"1657 Jufmav Path,Madpafej,",Neduzge
Eleanor,Hoffman,9,"1278 Bopu Terrace,Wubannod,",Ciidri
Herman,Curry,10,"1985 Waclow Turnpike,Okuitom,",Tetelo
David,Rhodes,10,"21 Kura Terrace,Vuhsituv,",Gitufamu
Tom,Black,10,"1521 Lumor Street,Famopoz,",Houremis
Josephine,Fox,11,"1317 Juah Path,Fevuzgog,",Nezozi
Vincent,Colon,12,"1475 Pekgu Avenue,Zuhubup,",Fomruin
Ian,Fitzgerald,12,"1327 Lenfeb View,Pirofi,",Pubucam
Bradley,Pope,12,"1975 Cufsa Drive,Fefoil,",Wammamu
Dorothy,Goodman,12,"517 Makun Road,Hazhouwe,",Lithulkef
Angel,Ortiz,9,"1751 Nafbo Plaza,Kiejlol,",Wobiclof
Andrew,Ingram,10,"1785 Diiva Way,Lucorba,",Taacozut
Myrtie,Carlson,10,"1509 Heem Path,Darele,",Kalhunu
Nina,Guerrero,10,"571 Kahe Manor,Pigriswek,",Sogumi
Kyle,Malone,11,"1634 Owelu Place,Sarpacih,",Gaadle
Jesus,Fox,12,"843 Evodat Way,Hezian,",Aveevilod
Leroy,Tucker,12,"1244 Kohfam Glen,Dujgowepi,",Vadrasi
Marian,Jordan,12,"896 Oziba Lane,Pueniri,",Ikhawdo
Susan,Drake,12,"1196 Etamu Pike,Nafuka,",Vibiba
Jimmy,Richards,12,"1744 Defud Trail,Umuogsu,",Tahunkeb
Eva,Lawson,8,"381 Wanav Park,Lardurop,",Givucci
Louisa,Vasquez,9,"1000 Ipeje Glen,Foriwpaf,",Fuzokivu
Gary,McBride,10,"1036 Hojga Square,Jugpezwa,",Emobomdos
Celia,Rhodes,10,"1360 Gobob Junction,Ipnobiw,",Cajibuven
Cornelia,Stephens,10,"1438 Ebce Pass,Ariwhef,",Dolahago
Linnie,Matthews,11,"56 Faja Way,Guwvodneh,",Varkaan
Ada,Manning,12,"1130 Ubisu Highway,Gocjepo,",Oweubdi
Essie,Hawkins,12,"1054 Lihe Extension,Tetovhoc,",Ilirahuwe
Irene,Hale,12,"1629 Azipi Turnpike,Hafafa,",Noicvac
