full name,First Name,Last Name,age,address,city
Leo Moody,Leo,Moody,5,"996 Seif Circle,Ipkeweg,",Tobuseic
Darrell Castro,Darrell,Castro,6,"312 Durti Point,Ercipob,",Vosevi
Dylan McDonald,Dylan,McDonald,7,"1276 Ijola Terrace,Uvetopo,",Zeawiso
Rosalie Banks,Rosalie,Banks,12,"1115 Biget Trail,Gujoca,",Vashumeme
Jimmy Turner,Jimmy,Turner,7,"1602 Wevsa Trail,Notevoh,",Gefgihepi
Mittie Conner,Mittie,Conner,10,"1036 Eftur Drive,Epfoat,",Usgahlo
Gussie Paul,Gussie,Paul,11,"749 Dasta Drive,Risohkiw,",Vabelter
Howard Becker,Howard,Becker,12,"1913 Gaci Highway,Heltihlec,",Hicmiwkud
Lottie Ramos,Lottie,Ramos,8,"336 Toked Pass,Weinum,",Tosiklaf
Kathryn Crawford,Kathryn,Crawford,9,"1744 Fakom Path,Rocagto,",Kantunhe
Ola Vaughn,Ola,Vaughn,10,"823 Wedim Pass,Eliezfon,",Kuajeru
Anne Wilkins,Anne,Wilkins,10,"824 Ziwto Loop,Boasfu,",Usimawhi
Belle Clark,Belle,Clark,10,"821 Veszu Extension,Zafawfus,",Fejduum
Nettie Baldwin,Nettie,Baldwin,11,"22 Gihtiv Loop,Zacanoim,",Latucgoz
Christina Patterson,Christina,Patterson,12,"35 Tecbo Trail,Nekamfan,",Rumugme
Thomas Sullivan,Thomas,Sullivan,12,"1280 Hoto Square,Agawuce,",Gejgatah
Zachary Larson,Zachary,Larson,12,"29 Rinew Mill,Coziil,",Cuwugu
Herman Boone,Herman,Boone,12,"970 Nibad Mill,Hetuuco,",Rawzuccu
Gene McGuire,Gene,McGuire,5,"1641 Ekatu Square,Tagifeot,",Cewukob
Florence Foster,Florence,Foster,6,"1228 Oszu Loop,Cuiwhoj,",Eberedti
Edward Gregory,Edward,Gregory,7,"368 Wurgaw Trail,Ilkotuj,",Janbighun
Cynthia Goodman,Cynthia,Goodman,12,"244 Ahouve River,Owwesa,",Haadgu
Isabelle Cruz,Isabelle,Cruz,7,"962 Zojo Lane,Gevpabuf,",Fopuvus
Fannie Guerrero,Fannie,Guerrero,10,"722 Lehuj Road,Arrofjid,",Nodefoic
Norman Long,Norman,Long,11,"1009 Akgum Loop,Uniirecoz,",Osuhedeb
Rena Arnold,Rena,Arnold,12,"833 Coje Loop,Veloubi,",Esnalbon
Viola Stokes,Viola,Stokes,8,"1139 Tali River,Luvcuime,",Ecifav
Ralph Atkins,Ralph,Atkins,9,"734 Pives Path,Jaletal,",Dontari
Nicholas Clarke,Nicholas,Clarke,10,"1701 Woven Highway,Wecuzat,",Igheji
Lucinda Hardy,Lucinda,Hardy,10,"609 Lome Junction,Koadfo,",Citdinid
Bettie Hoffman,Bettie,Hoffman,10,"1679 Hodi Pass,Vehojec,",Omkuuk
Alex King,Alex,King,11,"345 Kibrej Square,Powezi,",Sunjuzpok
Nell Soto,Nell,Soto,12,"100 Ugieh Circle,Mendoji,",Hufjugo
Brandon Gomez,Brandon,Gomez,12,"501 Pulto River,Rapucol,",Wakcofvi
Eula Jackson,Eula,Jackson,5,"1590 Kucol Extension,Haldamol,",Ruzihwu
Roxie Gardner,Roxie,Gardner,6,"550 Pucir Pike,Jofomepo,",Recvaeci
Clayton Keller,Clayton,Keller,7,"1919 Zico Circle,Rejecso,",Pihifkif
Ola Hill,Ola,Hill,12,"1258 Ticek Mill,Fovnowwo,",Foivakob
Amanda Powers,Amanda,Powers,7,"1130 Lirden Plaza,Azaruhwud,",Pevhaben
Leonard Wilkerson,Leonard,Wilkerson,10,"937 Zewew Pass,Rokuke,",Ezzeptu
Georgia Hill,Georgia,Hill,11,"730 Renson Street,Teijatir,",Nenfampud
Alejandro King,Alejandro,King,12,"968 Ojhoh Circle,Copnohe,",Fivebemuk
Luella Brady,Luella,Brady,8,"1926 Idput Point,Tufifi,",Gagamhen
Roy Maldonado,Roy,Maldonado,9,"128 Gecse Circle,Jeohoni,",Cujiwu
Gordon Stewart,Gordon,Stewart,10,"198 Wuehe River,Semfumjev,",Badhoas
Tommy Mathis,Tommy,Mathis,10,"1640 Dokce Glen,Hazisu,",Hujzofu
Lewis Wheeler,Lewis,Wheeler,10,"201 Sugope Highway,Datohuj,",Lafsofge
Tommy Rhodes,Tommy,Rhodes,11,"159 Nafca Highway,Wuncopet,",Arwuwbiw
Brian Mendez,Brian,Mendez,12,"1005 Meahe River,Pubhijsi,",Tutromja
Ruby Woods,Ruby,Woods,12,"1649 Amuwil Lane,Gegrarjur,",Uwhegov
Tyler Williams,Tyler,Williams,12,"768 Ciji Grove,Havirbo,",Ofwifo
Glenn Hoffman,Glenn,Hoffman,12,"1383 Rufi Street,Razacjek,",Kejtimwa
Ethel Carter,Ethel,Carter,5,"402 Wezma Glen,Gefera,",Gafbezga
Trevor Chambers,Trevor,Chambers,6,"1502 Kimge Way,Cahuwce,",Bujozo
Eugene Rogers,Eugene,Rogers,7,"112 Wobi Circle,Kurita,",Peuzeron
Nina Francis,Nina,Francis,12,"1595 Wasvaz Highway,Rivtiaz,",Idkeiz
Delia Fitzgerald,Delia,Fitzgerald,7,"352 Cohat Place,Dafrehe,",Simaki
Virgie Wise,Virgie,Wise,10,"468 Garet Plaza,Cokjaduj,",Necubvo
Gene Lambert,Gene,Lambert,11,"1920 Recked Park,Zemodvod,",Hifatec
Isabel Little,Isabel,Little,12,"1767 Iklo Highway,Garvicu,",Ilulabgu
Lelia Kennedy,Lelia,Kennedy,8,"1585 Voces Highway,Fiviknom,",Johmool
Bernice Ramos,Bernice,Ramos,9,"405 Etiumo Pike,Abimer,",Movtitik
Lucille Castro,Lucille,Castro,10,"1112 Lirac Lane,Diurivan,",Jelulus
Craig Tucker,Craig,Tucker,10,"220 Ohemat Lane,Emsozfo,",Pozisako
Roxie Diaz,Roxie,Diaz,10,"601 Fetib Circle,Dojiwoim,",Firjujdoz
Troy Zimmerman,Troy,Zimmerman,11,"1438 Niwa Boulevard,Lavenduw,",Haikap
Eunice Flowers,Eunice,Flowers,12,"634 Cimu Road,Watocra,",Woogsab
Olive Ellis,Olive,Ellis,12,"1977 Ugolas Grove,Wehipamom,",Muritap
Erik Dawson,Erik,Dawson,12,"1216 Sinve Path,Nelpanki,",Firustul
Gabriel Marshall,Gabriel,Marshall,12,"1231 Baho Road,Ekdudha,",Nezvorih
Adele Peterson,Adele,Peterson,12,"1307 Bodu Pike,Opdaguv,",Werinawil
Willie McGee,Willie,McGee,8,"1657 Jufmav Path,Madpafej,",Neduzge
Eleanor Hoffman,Eleanor,Hoffman,9,"1278 Bopu Terrace,Wubannod,",Ciidri
Herman Curry,Herman,Curry,10,"1985 Waclow Turnpike,Okuitom,",Tetelo
David Rhodes,David,Rhodes,10,"21 Kura Terrace,Vuhsituv,",Gitufamu
Tom Black,Tom,Black,10,"1521 Lumor Street,Famopoz,",Houremis
Josephine Fox,Josephine,Fox,11,"1317 Juah Path,Fevuzgog,",Nezozi
Vincent Colon,Vincent,Colon,12,"1475 Pekgu Avenue,Zuhubup,",Fomruin
Ian Fitzgerald,Ian,Fitzgerald,12,"1327 Lenfeb View,Pirofi,",Pubucam
Bradley Pope,Bradley,Pope,12,"1975 Cufsa Drive,Fefoil,",Wammamu
Dorothy Goodman,Dorothy,Goodman,12,"517 Makun Road,Hazhouwe,",Lithulkef
Angel Ortiz,Angel,Ortiz,9,"1751 Nafbo Plaza,Kiejlol,",Wobiclof
Andrew Ingram,Andrew,Ingram,10,"1785 Diiva Way,Lucorba,",Taacozut
Myrtie Carlson,Myrtie,Carlson,10,"1509 Heem Path,Darele,",Kalhunu
Nina Guerrero,Nina,Guerrero,10,"571 Kahe Manor,Pigriswek,",Sogumi
Kyle Malone,Kyle,Malone,11,"1634 Owelu Place,Sarpacih,",Gaadle
Jesus Fox,Jesus,Fox,12,"843 Evodat Way,Hezian,",Aveevilod
Leroy Tucker,Leroy,Tucker,12,"1244 Kohfam Glen,Dujgowepi,",Vadrasi
Marian Jordan,Marian,Jordan,12,"896 Oziba Lane,Pueniri,",Ikhawdo
Susan Drake,Susan,Drake,12,"1196 Etamu Pike,Nafuka,",Vibiba
Jimmy Richards,Jimmy,Richards,12,"1744 Defud Trail,Umuogsu,",Tahunkeb
Eva Lawson,Eva,Lawson,8,"381 Wanav Park,Lardurop,",Givucci
Louisa Vasquez,Louisa,Vasquez,9,"1000 Ipeje Glen,Foriwpaf,",Fuzokivu
Gary McBride,Gary,McBride,10,"1036 Hojga Square,Jugpezwa,",Emobomdos
Celia Rhodes,Celia,Rhodes,10,"1360 Gobob Junction,Ipnobiw,",Cajibuven
Cornelia Stephens,Cornelia,Stephens,10,"1438 Ebce Pass,Ariwhef,",Dolahago
Linnie Matthews,Linnie,Matthews,11,"56 Faja Way,Guwvodneh,",Varkaan
Ada Manning,Ada,Manning,12,"1130 Ubisu Highway,Gocjepo,",Oweubdi
Essie Hawkins,Essie,Hawkins,12,"1054 Lihe Extension,Tetovhoc,",Ilirahuwe
Irene Hale,Irene,Hale,12,"1629 Azipi Turnpike,Hafafa,",Noicvac
